"Time","EmployeeID","Name","Step","Detail"
"2026-10-07 21:48:41","100205","Jack Gibson","START","HR status Terminated (last day 2026-10-07)"
"2026-10-07 21:48:41","100205","Jack Gibson","DISABLED","AD account disabled, password reset to random"
"2026-10-07 21:48:42","100205","Jack Gibson","REVOKED","Entra sessions for jack.gibson@PotomacDefenseSystems.onmicrosoft.com"
"2026-10-07 21:48:42","100205","Jack Gibson","GROUPS-BEFORE","GG-Role-AccountsPayable; GG-Role-AllStaff"
"2026-10-07 21:48:42","100205","Jack Gibson","GROUPS-REMOVED","2 groups"
"2026-10-07 21:48:42","100205","Jack Gibson","MOVED","description set, manager cleared, moved to Disabled"
"2026-10-07 21:48:42","100205","Jack Gibson","DONE",""
"2026-10-07 21:48:42","100283","Cynthia Hughes","START","HR status Terminated (last day 2026-10-07)"
"2026-10-07 21:48:42","100283","Cynthia Hughes","DISABLED","AD account disabled, password reset to random"
"2026-10-07 21:48:43","100283","Cynthia Hughes","REVOKED","Entra sessions for cynthia.hughes@PotomacDefenseSystems.onmicrosoft.com"
"2026-10-07 21:48:43","100283","Cynthia Hughes","GROUPS-BEFORE","GG-Role-Security; GG-Role-AllStaff"
"2026-10-07 21:48:43","100283","Cynthia Hughes","GROUPS-REMOVED","2 groups"
"2026-10-07 21:48:43","100283","Cynthia Hughes","MOVED","description set, manager cleared, moved to Disabled"
"2026-10-07 21:48:43","100283","Cynthia Hughes","DONE",""
"2026-10-07 21:48:43","200216","Andre Ford","START","contract ended 2026-10-06"
"2026-10-07 21:48:43","200216","Andre Ford","DISABLED","AD account disabled, password reset to random"
"2026-10-07 21:48:43","200216","Andre Ford","REVOKED","Entra sessions for andre.ford@PotomacDefenseSystems.onmicrosoft.com"
"2026-10-07 21:48:43","200216","Andre Ford","GROUPS-BEFORE","GG-Role-Subcontractors; GG-Role-AllStaff"
"2026-10-07 21:48:43","200216","Andre Ford","GROUPS-REMOVED","2 groups"
"2026-10-07 21:48:44","200216","Andre Ford","MOVED","description set, manager cleared, moved to Disabled"
"2026-10-07 21:48:44","200216","Andre Ford","DONE",""
"2026-10-07 21:48:44","100326","Richard Duncan","START","HR status Terminated (last day 2026-10-07)"
"2026-10-07 21:48:44","100326","Richard Duncan","DISABLED","AD account disabled, password reset to random"
"2026-10-07 21:48:44","100326","Richard Duncan","REVOKED","Entra sessions for richard.duncan@PotomacDefenseSystems.onmicrosoft.com"
"2026-10-07 21:48:44","100326","Richard Duncan","GROUPS-BEFORE","GG-Role-AllStaff"
"2026-10-07 21:48:44","100326","Richard Duncan","GROUPS-REMOVED","1 groups"
"2026-10-07 21:48:44","100326","Richard Duncan","MOVED","description set, manager cleared, moved to Disabled"
"2026-10-07 21:48:44","100326","Richard Duncan","DONE",""
"2026-10-07 21:48:44","200222","Pamela Turner","START","contract ended 2026-10-06"
"2026-10-07 21:48:44","200222","Pamela Turner","DISABLED","AD account disabled, password reset to random"
"2026-10-07 21:48:44","200222","Pamela Turner","REVOKED","Entra sessions for pamela.turner@PotomacDefenseSystems.onmicrosoft.com"
"2026-10-07 21:48:44","200222","Pamela Turner","GROUPS-BEFORE","GG-Role-Subcontractors; GG-Role-AllStaff"
"2026-10-07 21:48:44","200222","Pamela Turner","GROUPS-REMOVED","2 groups"
"2026-10-07 21:48:44","200222","Pamela Turner","MOVED","description set, manager cleared, moved to Disabled"
"2026-10-07 21:48:44","200222","Pamela Turner","DONE",""
"2026-10-07 21:48:44","100373","Abigail Evans","START","HR status Terminated (last day 2026-10-07)"
"2026-10-07 21:48:44","100373","Abigail Evans","DISABLED","AD account disabled, password reset to random"
"2026-10-07 21:48:45","100373","Abigail Evans","REVOKED","Entra sessions for abigail.evans@PotomacDefenseSystems.onmicrosoft.com"
"2026-10-07 21:48:45","100373","Abigail Evans","GROUPS-BEFORE","GG-Role-Contracts; GG-Role-AllStaff"
"2026-10-07 21:48:45","100373","Abigail Evans","GROUPS-REMOVED","2 groups"
"2026-10-07 21:48:45","100373","Abigail Evans","MOVED","description set, manager cleared, moved to Disabled"
"2026-10-07 21:48:45","100373","Abigail Evans","DONE",""
"2026-10-07 21:48:45","100394","Jennifer Matthews","START","HR status Terminated (last day 2026-10-07)"
"2026-10-07 21:48:45","100394","Jennifer Matthews","DISABLED","AD account disabled, password reset to random"
"2026-10-07 21:48:45","100394","Jennifer Matthews","REVOKED","Entra sessions for jennifer.matthews@PotomacDefenseSystems.onmicrosoft.com"
"2026-10-07 21:48:45","100394","Jennifer Matthews","GROUPS-BEFORE","GG-Role-Engineers; GG-Role-AllStaff"
"2026-10-07 21:48:45","100394","Jennifer Matthews","GROUPS-REMOVED","2 groups"
"2026-10-07 21:48:45","100394","Jennifer Matthews","MOVED","description set, manager cleared, moved to Disabled"
"2026-10-07 21:48:45","100394","Jennifer Matthews","DONE",""
"2026-10-07 21:48:45","100450","Mateo Diaz","START","HR status Terminated (last day 2026-10-07)"
"2026-10-07 21:48:45","100450","Mateo Diaz","DISABLED","AD account disabled, password reset to random"
"2026-10-07 21:48:46","100450","Mateo Diaz","REVOKED","Entra sessions for mateo.diaz@PotomacDefenseSystems.onmicrosoft.com"
"2026-10-07 21:48:46","100450","Mateo Diaz","GROUPS-BEFORE","GG-Role-ProgramManagers; GG-Role-AllStaff"
"2026-10-07 21:48:46","100450","Mateo Diaz","GROUPS-REMOVED","2 groups"
"2026-10-07 21:48:46","100450","Mateo Diaz","MOVED","description set, manager cleared, moved to Disabled"
"2026-10-07 21:48:46","100450","Mateo Diaz","DONE",""
